{
  "id": "02b32dbf-6be9-42e1-a7c1-b8015f31e0e4",
  "name": "query-type",
  "isOverridable": true,
  "entries": [
    {
      "value": "phone-number",
      "synonyms": [
        "phone",
        "phone number",
        "phone-number",
        "number",
        "cell-phone",
        "cell number",
        "mobile number"
      ]
    },
    {
      "value": "address",
      "synonyms": [
        "address",
        "home address",
        "stay",
        "location",
        "area"
      ]
    },
    {
      "value": "email",
      "synonyms": [
        "email",
        "email id"
      ]
    },
    {
      "value": "all",
      "synonyms": [
        "all",
        "everything",
        "full contact",
        "entire list",
        "list of contacts",
        "list",
        "list all",
        "full list"
      ]
    }
  ],
  "isEnum": false,
  "automatedExpansion": true
}